CREATE TABLE IF NOT EXISTS hotelchain(
Chain_Name VARCHAR(40) PRIMARY KEY,
Address_Central VARCHAR(60) NOT NULL,
Num_Hotels INT NOT NULL,
email varchar(50) NOT NULL,
Phone_Number NUMERIC(10) NOT NULL);

CREATE TABLE IF NOT EXISTS hotel(
Hotel_ID VARCHAR(5) PRIMARY KEY,
Stars INT,
Num_Rooms INT NOT NULL,
Address VARCHAR(60) NOT NULL,
email varchar(50) NOT NULL,
Phone_Number NUMERIC(10) NOT NULL,
Chain_Name VARCHAR(40) NOT NULL,
FOREIGN KEY (Chain_Name) REFERENCES hotelchain(Chain_Name)); 

CREATE TABLE IF NOT EXISTS employee(
Employee_ID VARCHAR(5) PRIMARY KEY,
SIN NUMERIC(9) NOT NULL,
Employee_Name VARCHAR(40) NOT NULL,
Address VARCHAR(60) NOT NULL,
Position VARCHAR(40) NOT NULL,
Manages_Hotel BOOLEAN,
Hotel_ID VARCHAR(5) NOT NULL,
FOREIGN KEY (Hotel_ID) REFERENCES hotel(Hotel_ID));

CREATE TABLE IF NOT EXISTS Room(
Room_ID VARCHAR(5) PRIMARY KEY,
Price INT NOT NULL,
Amenity VARCHAR(200),
Capacity INT NOT NULL,
Room_View VARCHAR(20),
Extra_Bed BOOLEAN,
Damage VARCHAR(100),
Hotel_ID VARCHAR(5) NOT NULL,
FOREIGN KEY (Hotel_ID)
REFERENCES hotel(Hotel_ID));

CREATE TABLE booking(
Booking_ID VARCHAR(5) PRIMARY KEY,
Check_In DATE NOT NULL,
Check_Out DATE NOT NULL,
Amount INT NOT NULL);

CREATE TABLE renting(
Renting_ID VARCHAR(5) PRIMARY KEY,
Check_In DATE NOT NULL,
Check_Out DATE NOT NULL,
Payment INT NOT NULL);

CREATE TABLE archive(
Record_ID VARCHAR(5) PRIMARY KEY,
Booking VARCHAR(100),
Renting VARCHAR(100));

------------------------------
SELECT * FROM hotelchain;
SELECT * FROM hotel;
SELECT * FROM room;

-------------------------------------------------
INSERT INTO hotelchain
VALUES
('Best Western Hotels', '100 Main St, Phoenix, AZ 85001, USA', 8, 'bestwestern_central@bestwestern.com', 6023339977),
('Choice Hotels International', '980 Clarence St, Rockville, MD 20847, USA', 8, 'choicehotels_central@choicehotels.com', 2407779988),
('Hilton Worldwide', '222 Central Blvd, Tysons Corner, VA 22043, USA', 8, 'hilton_central@hilton.com', 7037779211),
('Marriott International', '500 Wisconsin Ave, Bethesda, MD 20814, USA', 8, 'marriott_central@marriott.com', 2401119211),
('Wyndham Hotels and Resorts', '444 Main St, Parsippany-Troy Hills, NJ 07005, USA', 8, 'wyndham_central@wyndham.com', 9738882134);

INSERT INTO hotel
VALUES
('B0001', 3, 5, '135 Carlingview Dr, Toronto, ON M9W5E7, Canada', 'bestwestern_premier_toronto@bestwestern.com', 4166377000, 'Best Western Hotels'),
('B0002', 2, 5, '38 Estate Dr, Toronto, ON M1H2Z1, Canada', 'bestwestern_toronto@bestwestern.com', 4164300444, 'Best Western Hotels'),
('B0003', 3, 5, '50 W 36th St., New York, NY 10018, USA', 'bestwestern_premier_newyork@bestwestern.com', 2127761024, 'Best Western Hotels'),
('B0004', 4, 5, '1100 Granville St, Vancouver, BC V6Z2B6, Canada', 'bestwestern_vancouver@bestwestern.com', 6046697070, 'Best Western Hotels'),
('B0005', 3, 5, '131 Laurier St, Gatineau, QC J8X3W3, Canada', 'bestwestern_gatineau@bestwestern.com', 8197708550, 'Best Western Hotels'),
('B0006', 2, 5, '1100 S Michigan Ave, Chicago, IL 60605, USA', 'bestwestern_chicago@bestwestern.com', 3129222900, 'Best Western Hotels'),
('B0007', 3, 5, '77 Yesler Way, Seattle, WA 98104, USA', 'bestwestern_seattle@bestwestern.com', 2063401234, 'Best Western Hotels'),
('B0008', 3, 5, '1316 33 St NE, Calgary, AB T2A6B6, Canada', 'bestwestern_calgary@bestwestern.com', 4032488888, 'Best Western Hotels'),
('C0001', 3, 5, '616 Convention Way, Anaheim, CA 92802, USA', 'choicehotels_anaheim@choicehotels.com', 7147503131, 'Choice Hotels International'),
('C0002', 3, 5, '117 Elm St, Greater Sudbury, ON P3C1T3, Canada', 'choicehotels_sudbury@choicehotels.com', 7056747517, 'Choice Hotels International'),
('C0003', 2, 5, '7228 Westminster Hwy, Richmond, BC V6X1A1, Canada', 'choicehotels_richmond@choicehotels.com', 6042443051, 'Choice Hotels International'),
('C0004', 3, 5, '1221 Granville St, Richmond, BC V6X1B6, Canada', 'choicehotels_quality_richmond@choicehotels.com', 7789072918, 'Choice Hotels International'),
('C0005', 2, 5, '4770 Plaza Dr, Irving, TX 75063, USA', 'choicehotels_irving@choicehotels.com', 9725739320, 'Choice Hotels International'),
('C0006', 4, 5, '5301 NW 36th St, Miami Springs, FL 33166, USA', 'choicehotels_miami@choicehotels.com', 3059214268, 'Choice Hotels International'),
('C0007', 2, 5, '355 McNeely Ave, Carleton Place, ON K7C0A1, Canada', 'choicehotels_carleton@choicehotels.com', 6132160079, 'Choice Hotels International'),
('C0008', 2, 5, '8100 Av. de Neuville, Anjou, QC H1J2T2, Canada', 'choicehotels_anjou@choicehotels.com', 5144936363, 'Choice Hotels International'),
('H0001', 5, 5, '433 Robson St, Vancouver, BC V6B6L9, Canada', 'hilton_vancouver@hilton.com', 6046021999, 'Hilton Worldwide'),
('H0002', 4, 5, '1335 6th Ave, New York, NY 10019, USA', 'hilton_midtown@hilton.com', 2125867000, 'Hilton Worldwide'),
('H0003', 3, 5, '790 8th Ave, New York, NY 10019, USA', 'hilton_tsquare@hilton.com', 2125817000, 'Hilton Worldwide'),
('H0004', 4, 5, '333 Farrell St, San Francisco, CA 94102, USA', 'hilton_sanfran@hilton.com', 4157711400, 'Hilton Worldwide'),
('H0005', 3, 5, '711 4 St. SE Suite A, Calgary, AB T2G1N3, Canada', 'hilton_calgary@hilton.com', 5873522020, 'Hilton Worldwide'),
('H0006', 4, 5, '1800 Wellington Ave, Winnipeg, MB R3H1B2, Canada', 'hilton_winnipeg@hilton.com', 2047831700, 'Hilton Worldwide'),
('H0007', 4, 5, '145 Richmond St W, Toronto, ON M5H2L2, Canada', 'hilton_toronto@hilton.com', 4168693456, 'Hilton Worldwide'),
('H0008', 4, 5, '1100 Bd René-Lévesque E, Québec, QC G1R4P3, Canada', 'hilton_quebec@hilton.com', 4186472411, 'Hilton Worldwide'),
('M0001', 5, 5, '39 Smithe St, Vancouver, BC V6B0R3, Canada', 'marriott_parq@marriott.com', 6046760888, 'Marriott International'),
('M0002', 4, 5, '1128 W Hastings St, Vancouver, BC V6E4R5, Canada', 'marriott_vancouver@marriott.com', 6046841128, 'Marriott International'),
('M0003', 4, 5, '100 Kent St, Ottawa, ON K1P5R7, Canada', 'marriott_ottawa@marriott.com', 6132381122, 'Marriott International'),
('M0004', 3, 5, '170 4th Ave N, Nashville, TN 37219, USA', 'marriott_nashville@marriott.com', 6152560900, 'Marriott International'),
('M0005', 4, 5, '1331 Pennsylvania Avenue NW, Washington, DC 20004, USA', 'marriott_washington@marriott.com', 2023932000, 'Marriott International'),
('M0006', 3, 5, '530 Broadway, San Diego, CA 92101, USA', 'marriott_sdiego@marriott.com', 6194463000, 'Marriott International'),
('M0007', 4, 5, '1919 Upper Water St, Halifax, NS B3J3J5, Canada', 'marriott_halifax@marriott.com', 9024211700, 'Marriott International'),
('M0008', 5, 5, '1401 SW Naito Pkwy, Portland, OR 97201, USA', 'marriott_portland@marriott.com', 5032267600, 'Marriott International'),
('W0001', 3, 5, '2259 Prince of Wales Dr, Ottawa, ON K2E6Z8, Canada', 'wyndham_rideau@wyndham.com', 6132883500, 'Wyndham Hotels and Resorts'),
('W0002', 2, 5, '366 Hunt Club Rd, Ottawa, ON K1V1C1, Canada', 'wyndham_ottawa@wyndham.com', 6137397555, 'Wyndham Hotels and Resorts'),
('W0003', 4, 5, '300 Jarvis St, Toronto, ON M5B2C5, Canada', 'wyndham_toronto@wyndham.com', 4169774823, 'Wyndham Hotels and Resorts'),
('W0004', 4, 5, '11 Freeport Cres NE, Calgary, AB T3J0T4, Canada', 'wyndham_calgary@wyndham.com', 4035162266, 'Wyndham Hotels and Resorts'),
('W0005', 2, 5, '2810 N 9th St, St. Louis, MO 63147, USA', 'wyndham_louis@wyndham.com', 3144928824, 'Wyndham Hotels and Resorts'),
('W0006', 3, 5, '8001 International Dr, Orlando, FL 32819, USA', 'wyndham_orlando@wyndham.com', 4073512420, 'Wyndham Hotels and Resorts'),
('W0007', 3, 5, '8686 Kirby Dr, Houston, TX 77054, USA', 'wyndham_houston@wyndham.com', 7137483221, 'Wyndham Hotels and Resorts'),
('W0008', 3, 5, '600 Commonwealth Pl, Pittsburgh, PA 15222, USA', 'wyndham_pittsburgh@wyndham.com', 4123914600, 'Wyndham Hotels and Resorts');

INSERT INTO room
VALUES
('BWP01', 125, 'Wi-Fi, mini-refrigerator, work desk, coffee and tea maker, bath amenities', 2, 'City view', True, 'No damages', 'B0001'),
('BWP02', 105, 'Wi-Fi, mini-refrigerator, work desk, coffee and tea maker, bath amenities', 2, 'No view', True, 'No damages', 'B0001'),
('BWP03', 150, 'Wi-Fi, mini-refrigerator, work desk, coffee and tea maker, bath amenities', 4, 'City view', False, 'Cracked window', 'B0001'),
('BWP04', 180, 'Wi-Fi, mini-refrigerator, work desk, coffee and tea maker, bath amenities', 4, 'River view', False, 'No damages', 'B0001'),
('BWP05', 115, 'Wi-Fi, mini-refrigerator, work desk, coffee and tea maker, bath amenities', 2, 'City view', True, 'No damages', 'B0001'),
('BWT06', 125, 'Wi-Fi, mini-refrigerator, work desk, coffee and tea maker', 2, 'City view', True, 'No damages', 'B0002'),
('BWT07', 105, 'Wi-Fi, mini-refrigerator, work desk, coffee and tea maker', 2, 'No view', True, 'No damages', 'B0002'),
('BWT08', 150, 'Wi-Fi, mini-refrigerator, work desk, coffee and tea maker', 4, 'City view', False, 'Cracked window', 'B0002'),
('BWT09', 180, 'Wi-Fi, mini-refrigerator, work desk, coffee and tea maker', 4, 'River view', False, 'No damages', 'B0002'),
('BWT10', 115, 'Wi-Fi, mini-refrigerator, work desk, coffee and tea maker', 2, 'City view', True, 'No damages', 'B0002'),
('BWY11', 125, 'Wi-Fi, mini-refrigerator, work desk, coffee and tea maker, bath amenities', 2, 'City view', True, 'No damages', 'B0003'),
('BWY12', 105, 'Wi-Fi, mini-refrigerator, work desk, coffee and tea maker, bath amenities', 2, 'No view', True, 'No damages', 'B0003'),
('BWY13', 150, 'Wi-Fi, mini-refrigerator, work desk, coffee and tea maker, bath amenities', 4, 'City view', False, 'Cracked window', 'B0003'),
('BWY14', 180, 'Wi-Fi, mini-refrigerator, work desk, coffee and tea maker, bath amenities', 4, 'River view', False, 'No damages', 'B0003'),
('BWY15', 115, 'Wi-Fi, mini-refrigerator, work desk, coffee and tea maker, bath amenities', 2, 'City view', True, 'No damages', 'B0003'),
('BWV16', 135, 'Wi-Fi, mini-refrigerator, work desk, coffee and tea maker, bath amenities', 2, 'City view', True, 'No damages', 'B0004'),
('BWV17', 125, 'Wi-Fi, mini-refrigerator, work desk, coffee and tea maker, bath amenities', 2, 'No view', True, 'No damages', 'B0004'),
('BWV18', 190, 'Wi-Fi, mini-refrigerator, work desk, coffee and tea maker, bath amenities', 4, 'City view', False, 'Cracked window', 'B0004'),
('BWV19', 220, 'Wi-Fi, mini-refrigerator, work desk, coffee and tea maker, bath amenities', 4, 'River view', False, 'No damages', 'B0004'),
('BWV20', 125, 'Wi-Fi, mini-refrigerator, work desk, coffee and tea maker, bath amenities', 2, 'City view', True, 'No damages', 'B0004'),
('BWG21', 135, 'Wi-Fi, mini-refrigerator, work desk, coffee and tea maker, bath amenities', 2, 'City view', True, 'No damages', 'B0005'),
('BWG22', 125, 'Wi-Fi, mini-refrigerator, work desk, coffee and tea maker, bath amenities', 2, 'No view', True, 'No damages', 'B0005'),
('BWG23', 190, 'Wi-Fi, mini-refrigerator, work desk, coffee and tea maker, bath amenities', 4, 'City view', False, 'Cracked window', 'B0005'),
('BWG24', 220, 'Wi-Fi, mini-refrigerator, work desk, coffee and tea maker, bath amenities', 4, 'River view', False, 'No damages', 'B0005'),
('BWG25', 125, 'Wi-Fi, mini-refrigerator, work desk, coffee and tea maker, bath amenities', 2, 'City view', True, 'No damages', 'B0005'),
('BWC26', 125, 'Wi-Fi, mini-refrigerator, work desk, coffee and tea maker, bath amenities', 2, 'City view', True, 'No damages', 'B0006'),
('BWC27', 105, 'Wi-Fi, mini-refrigerator, work desk, coffee and tea maker, bath amenities', 2, 'No view', True, 'No damages', 'B0006'),
('BWC28', 150, 'Wi-Fi, mini-refrigerator, work desk, coffee and tea maker, bath amenities', 4, 'City view', False, 'Cracked window', 'B0006'),
('BWC29', 180, 'Wi-Fi, mini-refrigerator, work desk, coffee and tea maker, bath amenities', 4, 'River view', False, 'No damages', 'B0006'),
('BWC30', 115, 'Wi-Fi, mini-refrigerator, work desk, coffee and tea maker, bath amenities', 2, 'City view', True, 'No damages', 'B0006'),
('BWS31', 135, 'Wi-Fi, mini-refrigerator, coffee and tea maker, bath amenities', 2, 'City view', True, 'No damages', 'B0007'),
('BWS32', 125, 'Wi-Fi, mini-refrigerator, coffee and tea maker, bath amenities', 2, 'No view', True, 'No damages', 'B0007'),
('BWS33', 190, 'Wi-Fi, mini-refrigerator, coffee and tea maker, bath amenities', 4, 'City view', False, 'Cracked window', 'B0007'),
('BWS34', 220, 'Wi-Fi, mini-refrigerator, coffee and tea maker, bath amenities', 4, 'River view', False, 'No damages', 'B0007'),
('BWS35', 125, 'Wi-Fi, mini-refrigerator, coffee and tea maker, bath amenities', 2, 'City view', True, 'No damages', 'B0007'),
('BWC36', 135, 'Wi-Fi, mini-refrigerator, work desk, coffee and tea maker, bath amenities', 2, 'City view', True, 'No damages', 'B0008'),
('BWC37', 125, 'Wi-Fi, mini-refrigerator, work desk, coffee and tea maker, bath amenities', 2, 'No view', True, 'No damages', 'B0008'),
('BWC38', 190, 'Wi-Fi, mini-refrigerator, work desk, coffee and tea maker, bath amenities', 4, 'City view', False, 'Cracked window', 'B0008'),
('BWC39', 220, 'Wi-Fi, mini-refrigerator, work desk, coffee and tea maker, bath amenities', 4, 'River view', False, 'No damages', 'B0008'),
('BWC40', 125, 'Wi-Fi, mini-refrigerator, work desk, coffee and tea maker, bath amenities', 2, 'City view', True, 'No damages', 'B0008'),
('CHA01', 150, 'Plush premium bedding, Free high-speed internet, 24-hour business center', 2, 'City view', True, 'Missing chair', 'C0001'),
('CHA02', 210, 'Plush premium bedding, Free high-speed internet, 24-hour business center', 4, 'City view', True, 'No damages', 'C0001'),
('CHA03', 130, 'Plush premium bedding, Free high-speed internet, 24-hour business center', 2, 'No view', False, 'No damages', 'C0001'),
('CHA04', 150, 'Plush premium bedding, Free high-speed internet, 24-hour business center', 2, 'River view', True, 'No damages', 'C0001'),
('CHA05', 150, 'Plush premium bedding, Free high-speed internet, 24-hour business center', 2, 'River view', True, 'No damages', 'C0001'),
('CHS06', 150, 'Plush premium bedding, Free high-speed internet, 24-hour business center', 2, 'City view', True, 'Missing chair', 'C0002'),
('CHS07', 210, 'Plush premium bedding, Free high-speed internet, 24-hour business center', 4, 'City view', True, 'No damages', 'C0002'),
('CHS08', 130, 'Plush premium bedding, Free high-speed internet, 24-hour business center', 2, 'No view', False, 'No damages', 'C0002'),
('CHS09', 150, 'Plush premium bedding, Free high-speed internet, 24-hour business center', 2, 'River view', True, 'No damages', 'C0002'),
('CHS10', 150, 'Plush premium bedding, Free high-speed internet, 24-hour business center', 2, 'River view', True, 'No damages', 'C0002'),
('CHR11', 120, 'Plush premium bedding, Free high-speed internet', 2, 'City view', True, 'Missing chair', 'C0003'),
('CHR12', 170, 'Plush premium bedding, Free high-speed internet', 4, 'City view', True, 'No damages', 'C0003'),
('CHR13', 110, 'Plush premium bedding, Free high-speed internet', 2, 'No view', False, 'No damages', 'C0003'),
('CHR14', 125, 'Plush premium bedding, Free high-speed internet', 2, 'River view', True, 'No damages', 'C0003'),
('CHR15', 125, 'Plush premium bedding, Free high-speed internet', 2, 'River view', True, 'No damages', 'C0003'),
('CHR16', 150, 'Plush premium bedding, Free high-speed internet, 24-hour business center', 2, 'City view', True, 'Missing chair', 'C0004'),
('CHR17', 210, 'Plush premium bedding, Free high-speed internet, 24-hour business center', 4, 'City view', True, 'No damages', 'C0004'),
('CHR18', 130, 'Plush premium bedding, Free high-speed internet, 24-hour business center', 2, 'No view', False, 'No damages', 'C0004'),
('CHR19', 150, 'Plush premium bedding, Free high-speed internet, 24-hour business center', 2, 'River view', True, 'No damages', 'C0004'),
('CHR20', 150, 'Plush premium bedding, Free high-speed internet, 24-hour business center', 2, 'River view', True, 'No damages', 'C0004'),
('CHI21', 150, 'Plush premium bedding, Free high-speed internet, 24-hour business center', 2, 'City view', True, 'No damages', 'C0005'),
('CHI22', 210, 'Plush premium bedding, Free high-speed internet, 24-hour business center', 4, 'City view', True, 'No damages', 'C0005'),
('CHI23', 130, 'Plush premium bedding, Free high-speed internet, 24-hour business center', 2, 'No view', False, 'No damages', 'C0005'),
('CHI24', 150, 'Plush premium bedding, Free high-speed internet, 24-hour business center', 2, 'River view', True, 'No damages', 'C0005'),
('CHI25', 150, 'Plush premium bedding, Free high-speed internet, 24-hour business center', 2, 'River view', True, 'No damages', 'C0005'),
('CHM26', 150, 'Plush premium bedding, Free high-speed internet, 24-hour business center', 2, 'City view', True, 'No damages', 'C0006'),
('CHM27', 210, 'Plush premium bedding, Free high-speed internet, 24-hour business center', 4, 'City view', True, 'No damages', 'C0006'),
('CHM28', 130, 'Plush premium bedding, Free high-speed internet, 24-hour business center', 2, 'No view', False, 'No damages', 'C0006'),
('CHM29', 150, 'Plush premium bedding, Free high-speed internet, 24-hour business center', 2, 'River view', True, 'No damages', 'C0006'),
('CHM30', 150, 'Plush premium bedding, Free high-speed internet, 24-hour business center', 2, 'River view', True, 'No damages', 'C0006'),
('CHC31', 150, 'Plush premium bedding, Free high-speed internet, 24-hour business center', 2, 'City view', True, 'No damages', 'C0007'),
('CHC32', 210, 'Plush premium bedding, Free high-speed internet, 24-hour business center', 4, 'City view', True, 'No damages', 'C0007'),
('CHC33', 130, 'Plush premium bedding, Free high-speed internet, 24-hour business center', 2, 'No view', False, 'No damages', 'C0007'),
('CHC34', 150, 'Plush premium bedding, Free high-speed internet, 24-hour business center', 2, 'River view', True, 'No damages', 'C0007'),
('CHC35', 150, 'Plush premium bedding, Free high-speed internet, 24-hour business center', 2, 'River view', True, 'No damages', 'C0007'),
('CHA36', 150, 'Plush premium bedding, Free high-speed internet', 2, 'City view', True, 'No damages', 'C0008'),
('CHA37', 210, 'Plush premium bedding, Free high-speed internet', 4, 'City view', True, 'No damages', 'C0008'),
('CHA38', 130, 'Plush premium bedding, Free high-speed internet', 2, 'No view', False, 'No damages', 'C0008'),
('CHA39', 150, 'Plush premium bedding, Free high-speed internet', 2, 'River view', True, 'No damages', 'C0008'),
('CHA40', 150, 'Plush premium bedding, Free high-speed internet', 2, 'River view', True, 'No damages', 'C0008'),
('HWV01', 320, 'On-site restaurant, Fitness center, Business center, Indoor pool, Executive lounge, Outdoor pool, Room service', 2, 'Ocean view', True, 'No damages', 'H0001'),
('HWV02', 410, 'On-site restaurant, Fitness center, Business center, Indoor pool, Executive lounge, Outdoor pool, Room service', 4, 'Ocean view', True, 'No damages', 'H0001'),
('HWV03', 240, 'On-site restaurant, Fitness center, Business center, Indoor pool, Executive lounge, Outdoor pool, Room service', 2, 'City view', False, 'No damages', 'H0001'),
('HWV04', 270, 'On-site restaurant, Fitness center, Business center, Indoor pool, Executive lounge, Outdoor pool, Room service', 4, 'City view', False, 'No damages', 'H0001'),
('HWV05', 280, 'On-site restaurant, Fitness center, Business center, Indoor pool, Executive lounge, Outdoor pool, Room service', 2, 'Ocean view', True, 'No damages', 'H0001'),
('HWY06', 300, 'On-site restaurant, Fitness center, Business center, Indoor pool, Executive lounge, Outdoor pool, Room service', 2, 'Ocean view', True, 'No damages', 'H0002'),
('HWY07', 400, 'On-site restaurant, Fitness center, Business center, Indoor pool, Executive lounge, Outdoor pool, Room service', 4, 'Ocean view', True, 'No damages', 'H0002'),
('HWY08', 220, 'On-site restaurant, Fitness center, Business center, Indoor pool, Executive lounge, Outdoor pool, Room service', 2, 'City view', False, 'No damages', 'H0002'),
('HWY09', 230, 'On-site restaurant, Fitness center, Business center, Indoor pool, Executive lounge, Outdoor pool, Room service', 4, 'City view', False, 'No damages', 'H0002'),
('HWY10', 250, 'On-site restaurant, Fitness center, Business center, Indoor pool, Executive lounge, Outdoor pool, Room service', 2, 'Ocean view', True, 'No damages', 'H0002'),
('HWY11', 300, 'On-site restaurant, Fitness center, Business center, Indoor pool, Executive lounge, Outdoor pool, Room service', 2, 'Ocean view', True, 'No damages', 'H0003'),
('HWY12', 400, 'On-site restaurant, Fitness center, Business center, Indoor pool, Executive lounge, Outdoor pool, Room service', 4, 'Ocean view', True, 'No damages', 'H0003'),
('HWY13', 220, 'On-site restaurant, Fitness center, Business center, Indoor pool, Executive lounge, Outdoor pool, Room service', 2, 'City view', False, 'No damages', 'H0003'),
('HWY14', 230, 'On-site restaurant, Fitness center, Business center, Indoor pool, Executive lounge, Outdoor pool, Room service', 4, 'City view', False, 'No damages', 'H0003'),
('HWY15', 250, 'On-site restaurant, Fitness center, Business center, Indoor pool, Executive lounge, Outdoor pool, Room service', 2, 'Ocean view', True, 'No damages', 'H0003'),
('HWF16', 270, 'On-site restaurant, Fitness center, Business center, Indoor pool, Executive lounge, Outdoor pool, Room service', 2, 'Ocean view', True, 'Sink is cracked', 'H0004'),
('HWF17', 370, 'On-site restaurant, Fitness center, Business center, Indoor pool, Executive lounge, Outdoor pool, Room service', 4, 'Ocean view', True, 'No damages', 'H0004'),
('HWF18', 200, 'On-site restaurant, Fitness center, Business center, Indoor pool, Executive lounge, Outdoor pool, Room service', 2, 'City view', False, 'No damages', 'H0004'),
('HWF19', 210, 'On-site restaurant, Fitness center, Business center, Indoor pool, Executive lounge, Outdoor pool, Room service', 4, 'City view', False, 'No damages', 'H0004'),
('HWF20', 230, 'On-site restaurant, Fitness center, Business center, Indoor pool, Executive lounge, Outdoor pool, Room service', 2, 'Ocean view', True, 'No damages', 'H0004'),
('HWC21', 300, 'On-site restaurant, Fitness center, Business center, Indoor pool, Executive lounge, Outdoor pool, Room service', 2, 'Lake view', True, 'No damages', 'H0005'),
('HWC22', 400, 'On-site restaurant, Fitness center, Business center, Indoor pool, Executive lounge, Outdoor pool, Room service', 4, 'Lake view', True, 'No damages', 'H0005'),
('HWC23', 220, 'On-site restaurant, Fitness center, Business center, Indoor pool, Executive lounge, Outdoor pool, Room service', 2, 'City view', False, 'No damages', 'H0005'),
('HWC24', 230, 'On-site restaurant, Fitness center, Business center, Indoor pool, Executive lounge, Outdoor pool, Room service', 4, 'City view', False, 'No damages', 'H0005'),
('HWC25', 250, 'On-site restaurant, Fitness center, Business center, Indoor pool, Executive lounge, Outdoor pool, Room service', 2, 'Lake view', True, 'No damages', 'H0005'),
('HWW26', 300, 'On-site restaurant, Fitness center, Business center, Indoor pool, Executive lounge, Outdoor pool, Room service', 2, 'Lake view', True, 'No damages', 'H0006'),
('HWW27', 400, 'On-site restaurant, Fitness center, Business center, Indoor pool, Executive lounge, Outdoor pool, Room service', 4, 'Lake view', True, 'No damages', 'H0006'),
('HWW28', 220, 'On-site restaurant, Fitness center, Business center, Indoor pool, Executive lounge, Outdoor pool, Room service', 2, 'City view', False, 'No damages', 'H0006'),
('HWW29', 230, 'On-site restaurant, Fitness center, Business center, Indoor pool, Executive lounge, Outdoor pool, Room service', 4, 'City view', False, 'No damages', 'H0006'),
('HWW30', 250, 'On-site restaurant, Fitness center, Business center, Indoor pool, Executive lounge, Outdoor pool, Room service', 2, 'Lake view', True, 'No damages', 'H0006'),
('HWT31', 300, 'On-site restaurant, Fitness center, Business center, Indoor pool, Executive lounge, Outdoor pool, Room service', 2, 'Lake view', True, 'No damages', 'H0007'),
('HWT32', 400, 'On-site restaurant, Fitness center, Business center, Indoor pool, Executive lounge, Outdoor pool, Room service', 4, 'Lake view', True, 'No damages', 'H0007'),
('HWT33', 220, 'On-site restaurant, Fitness center, Business center, Indoor pool, Executive lounge, Outdoor pool, Room service', 2, 'City view', False, 'Dead rat', 'H0007'),
('HWT34', 230, 'On-site restaurant, Fitness center, Business center, Indoor pool, Executive lounge, Outdoor pool, Room service', 4, 'City view', False, 'No damages', 'H0007'),
('HWT35', 250, 'On-site restaurant, Fitness center, Business center, Indoor pool, Executive lounge, Outdoor pool, Room service', 2, 'Lake view', True, 'No damages', 'H0007'),
('HWQ36', 300, 'On-site restaurant, Fitness center, Business center, Indoor pool, Executive lounge, Outdoor pool, Room service', 2, 'Lake view', True, 'No damages', 'H0008'),
('HWQ37', 400, 'On-site restaurant, Fitness center, Business center, Indoor pool, Executive lounge, Outdoor pool, Room service', 4, 'Lake view', True, 'No damages', 'H0008'),
('HWQ38', 220, 'On-site restaurant, Fitness center, Business center, Indoor pool, Executive lounge, Outdoor pool, Room service', 2, 'City view', False, 'No damages', 'H0008'),
('HWQ39', 230, 'On-site restaurant, Fitness center, Business center, Indoor pool, Executive lounge, Outdoor pool, Room service', 4, 'City view', False, 'No damages', 'H0008'),
('HWQ40', 250, 'On-site restaurant, Fitness center, Business center, Indoor pool, Executive lounge, Outdoor pool, Room service', 2, 'Lake view', True, 'No damages', 'H0008'),
('MIV01', 365, 'Refrigerator, microwave, workstation, kitchen, coffee maker, crib, and ironing board', 4, 'City view', True, 'No damages', 'M0001'),
('MIV02', 265, 'Refrigerator, microwave, workstation, kitchen, coffee maker, crib, and ironing board', 2, 'City view', True, 'No damages', 'M0001'),
('MIV03', 400, 'Refrigerator, microwave, workstation, kitchen, coffee maker, crib, and ironing board', 4, 'Ocean view', False, 'No damages', 'M0001'),
('MIV04', 330, 'Refrigerator, microwave, workstation, kitchen, coffee maker, crib, and ironing board', 2, 'Ocean view', False, 'No damages', 'M0001'),
('MIV05', 355, 'Refrigerator, microwave, workstation, kitchen, coffee maker, crib, and ironing board', 4, 'City view', True, 'No damages', 'M0001'),
('MIV06', 345, 'Refrigerator, microwave, workstation, kitchen, coffee maker, crib, and ironing board', 4, 'City view', True, 'No damages', 'M0002'),
('MIV07', 245, 'Refrigerator, microwave, workstation, kitchen, coffee maker, crib, and ironing board', 2, 'City view', True, 'No damages', 'M0002'),
('MIV08', 380, 'Refrigerator, microwave, workstation, kitchen, coffee maker, crib, and ironing board', 4, 'Ocean view', False, 'No damages', 'M0002'),
('MIV09', 310, 'Refrigerator, microwave, workstation, kitchen, coffee maker, crib, and ironing board', 2, 'Ocean view', False, 'Light bulb out', 'M0002'),
('MIV10', 335, 'Refrigerator, microwave, workstation, kitchen, coffee maker, crib, and ironing board', 4, 'City view', True, 'No damages', 'M0002'),
('MIO11', 345, 'Refrigerator, microwave, workstation, kitchen, coffee maker, crib, and ironing board', 4, 'City view', True, 'No damages', 'M0003'),
('MIO12', 245, 'Refrigerator, microwave, workstation, kitchen, coffee maker, crib, and ironing board', 2, 'City view', True, 'No damages', 'M0003'),
('MIO13', 380, 'Refrigerator, microwave, workstation, kitchen, coffee maker, crib, and ironing board', 4, 'River view', False, 'No damages', 'M0003'),
('MIO14', 310, 'Refrigerator, microwave, workstation, kitchen, coffee maker, crib, and ironing board', 2, 'River view', False, 'No damages', 'M0003'),
('MIO15', 335, 'Refrigerator, microwave, workstation, kitchen, coffee maker, crib, and ironing board', 4, 'City view', True, 'No damages', 'M0003'),
('MIN16', 345, 'Refrigerator, microwave, workstation, kitchen, coffee maker, crib, and ironing board', 4, 'City view', True, 'No damages', 'M0004'),
('MIN17', 245, 'Refrigerator, microwave, workstation, kitchen, coffee maker, crib, and ironing board', 2, 'City view', True, 'No damages', 'M0004'),
('MIN18', 380, 'Refrigerator, microwave, workstation, kitchen, coffee maker, crib, and ironing board', 4, 'River view', False, 'No damages', 'M0004'),
('MIN19', 310, 'Refrigerator, microwave, workstation, kitchen, coffee maker, crib, and ironing board', 2, 'River view', False, 'No damages', 'M0004'),
('MIN20', 335, 'Refrigerator, microwave, workstation, kitchen, coffee maker, crib, and ironing board', 4, 'City view', True, 'No damages', 'M0004'),
('MIW21', 345, 'Refrigerator, microwave, workstation, kitchen, coffee maker, crib, and ironing board', 4, 'City view', True, 'No damages', 'M0005'),
('MIW22', 245, 'Refrigerator, microwave, workstation, kitchen, coffee maker, crib, and ironing board', 2, 'City view', True, 'No damages', 'M0005'),
('MIW23', 380, 'Refrigerator, microwave, workstation, kitchen, coffee maker, crib, and ironing board', 4, 'Lake view', False, 'No damages', 'M0005'),
('MIW24', 310, 'Refrigerator, microwave, workstation, kitchen, coffee maker, crib, and ironing board', 2, 'Lake view', False, 'No damages', 'M0005'),
('MIW25', 335, 'Refrigerator, microwave, workstation, kitchen, coffee maker, crib, and ironing board', 4, 'City view', True, 'No damages', 'M0005'),
('MID26', 345, 'Refrigerator, microwave, workstation, kitchen, coffee maker, crib, and ironing board', 4, 'City view', True, 'No damages', 'M0006'),
('MID27', 245, 'Refrigerator, microwave, workstation, kitchen, coffee maker, crib, and ironing board', 2, 'City view', True, 'No damages', 'M0006'),
('MID28', 380, 'Refrigerator, microwave, workstation, kitchen, coffee maker, crib, and ironing board', 4, 'River view', False, 'No damages', 'M0006'),
('MID29', 310, 'Refrigerator, microwave, workstation, kitchen, coffee maker, crib, and ironing board', 2, 'River view', False, 'No damages', 'M0006'),
('MID30', 335, 'Refrigerator, microwave, workstation, kitchen, coffee maker, crib, and ironing board', 4, 'City view', True, 'No damages', 'M0006'),
('MIH31', 345, 'Refrigerator, microwave, workstation, kitchen, coffee maker, crib, and ironing board', 4, 'City view', True, 'No damages', 'M0007'),
('MIH32', 245, 'Refrigerator, microwave, workstation, kitchen, coffee maker, crib, and ironing board', 2, 'City view', True, 'No damages', 'M0007'),
('MIH33', 380, 'Refrigerator, microwave, workstation, kitchen, coffee maker, crib, and ironing board', 4, 'River view', False, 'No showerhead', 'M0007'),
('MIH34', 310, 'Refrigerator, microwave, workstation, kitchen, coffee maker, crib, and ironing board', 2, 'River view', False, 'No damages', 'M0007'),
('MIH35', 335, 'Refrigerator, microwave, workstation, kitchen, coffee maker, crib, and ironing board', 4, 'City view', True, 'No damages', 'M0007'),
('MIP36', 345, 'Refrigerator, microwave, workstation, kitchen, coffee maker, crib, and ironing board', 4, 'City view', True, 'No damages', 'M0008'),
('MIP37', 245, 'Refrigerator, microwave, workstation, kitchen, coffee maker, crib, and ironing board', 2, 'City view', True, 'No damages', 'M0008'),
('MIP38', 380, 'Refrigerator, microwave, workstation, kitchen, coffee maker, crib, and ironing board', 4, 'River view', False, 'No damages', 'M0008'),
('MIP39', 310, 'Refrigerator, microwave, workstation, kitchen, coffee maker, crib, and ironing board', 2, 'River view', False, 'No damages', 'M0008'),
('MIP40', 335, 'Refrigerator, microwave, workstation, kitchen, coffee maker, crib, and ironing board', 4, 'City view', True, 'No damages', 'M0008'),
('WHO01', 70, 'No amenities', 2, 'No windows, no view', False, 'No damages', 'W0001'),
('WHO02', 90, 'No amenities', 4, 'No windows, no view', False, 'No damages', 'W0001'),
('WHO03', 70, 'No amenities', 2, 'No windows, no view', False, 'No damages', 'W0001'),
('WHO04', 90, 'No amenities', 4, 'No windows, no view', False, 'No damages', 'W0001'),
('WHO05', 70, 'No amenities', 2, 'No windows, no view', False, 'No damages', 'W0001'),
('WHO06', 60, 'No amenities', 2, 'No windows, no view', False, 'Broken TV', 'W0002'),
('WHO07', 80, 'No amenities', 4, 'No windows, no view', False, 'No damages', 'W0002'),
('WHO08', 60, 'No amenities', 2, 'No windows, no view', False, 'No damages', 'W0002'),
('WHO09', 80, 'No amenities', 4, 'No windows, no view', False, 'Dirty towels', 'W0002'),
('WHO10', 60, 'No amenities', 2, 'No windows, no view', False, 'No damages', 'W0002'),
('WHT11', 60, 'No amenities', 2, 'No windows, no view', False, 'Broken TV', 'W0003'),
('WHT12', 80, 'No amenities', 4, 'No windows, no view', False, 'No damages', 'W0003'),
('WHT13', 60, 'No amenities', 2, 'No windows, no view', False, 'No damages', 'W0003'),
('WHT14', 80, 'No amenities', 4, 'No windows, no view', False, 'Dirty towels', 'W0003'),
('WHT15', 60, 'No amenities', 2, 'No windows, no view', False, 'No damages', 'W0003'),
('WHC16', 70, 'No amenities', 2, 'No windows, no view', False, 'No damages', 'W0004'),
('WHC17', 90, 'No amenities', 4, 'No windows, no view', False, 'No damages', 'W0004'),
('WHC18', 70, 'No amenities', 2, 'No windows, no view', False, 'No damages', 'W0004'),
('WHC19', 90, 'No amenities', 4, 'No windows, no view', False, 'No damages', 'W0004'),
('WHC20', 70, 'No amenities', 2, 'No windows, no view', False, 'No damages', 'W0004'),
('WHL21', 60, 'No amenities', 2, 'No windows, no view', False, 'Broken TV', 'W0005'),
('WHL22', 80, 'No amenities', 4, 'No windows, no view', False, 'No damages', 'W0005'),
('WHL23', 60, 'No amenities', 2, 'No windows, no view', False, 'No damages', 'W0005'),
('WHL24', 80, 'No amenities', 4, 'No windows, no view', False, 'Dirty towels', 'W0005'),
('WHL25', 60, 'No amenities', 2, 'No windows, no view', False, 'No damages', 'W0005'),
('WHO26', 70, 'No amenities', 2, 'No windows, no view', False, 'No damages', 'W0006'),
('WHO27', 90, 'No amenities', 4, 'No windows, no view', False, 'No damages', 'W0006'),
('WHO28', 70, 'No amenities', 2, 'No windows, no view', False, 'No damages', 'W0006'),
('WHO29', 90, 'No amenities', 4, 'No windows, no view', False, 'No damages', 'W0006'),
('WHO30', 70, 'No amenities', 2, 'No windows, no view', False, 'No damages', 'W0006'),
('WHH31', 60, 'No amenities', 2, 'No windows, no view', False, 'Broken TV', 'W0007'),
('WHH32', 80, 'No amenities', 4, 'No windows, no view', False, 'No damages', 'W0007'),
('WHH33', 60, 'No amenities', 2, 'No windows, no view', False, 'No damages', 'W0007'),
('WHH34', 80, 'No amenities', 4, 'No windows, no view', False, 'Dirty towels', 'W0007'),
('WHH35', 60, 'No amenities', 2, 'No windows, no view', False, 'No damages', 'W0007'),
('WHO36', 70, 'No amenities', 2, 'No windows, no view', False, 'No damages', 'W0008'),
('WHO37', 90, 'No amenities', 4, 'No windows, no view', False, 'No damages', 'W0008'),
('WHO38', 70, 'No amenities', 2, 'No windows, no view', False, 'No damages', 'W0008'),
('WHO39', 90, 'No amenities', 4, 'No windows, no view', False, 'No damages', 'W0008'),
('WHO40', 70, 'No amenities', 2, 'No windows, no view', False, 'No damages', 'W0008');